date,pm10,aqi,lag1,lag2,lag3,aqi_roll_mean3,aqi_roll_std_3,month,day_of_week
2019-02-10,47.69,34.0,,,,34.0,,2,6
2019-02-11,89.35,61.0,34.0,,,47.5,19.091883092036785,2,0
2019-02-12,131.01,89.0,61.0,34.0,,61.333333333333336,27.50151510977774,2,1
2019-03-10,95.73,71.0,89.0,61.0,34.0,73.66666666666667,14.189197769195172,3,6
2019-03-11,90.98,68.0,71.0,89.0,61.0,76.0,11.35781669160054,3,0
2019-03-12,86.23,66.0,68.0,71.0,89.0,68.33333333333333,2.5166114784235534,3,1
2019-04-10,44.06,36.0,66.0,68.0,71.0,56.666666666666664,17.925772879664997,4,2
2019-04-11,67.58,52.0,36.0,66.0,68.0,51.333333333333336,15.011106998930263,4,3
2019-04-12,91.1,69.0,52.0,36.0,66.0,52.333333333333336,16.502525059315413,4,4
2019-04-13,89.65,68.0,69.0,52.0,36.0,63.0,9.539392014169444,4,5
2019-04-14,88.21,68.0,68.0,69.0,52.0,68.33333333333333,0.5773502691894278,4,6
2019-04-15,86.77,67.0,68.0,68.0,69.0,67.66666666666667,0.5773502691896278,4,0
2019-09-10,114.94,81.0,67.0,68.0,68.0,72.0,7.810249675906654,9,1
2019-09-11,156.92,102.0,81.0,67.0,68.0,83.33333333333333,17.616280348965084,9,2
2019-09-12,198.9,123.0,102.0,81.0,67.0,102.0,21.000000000000004,9,3
2019-09-13,45.26,42.0,123.0,102.0,81.0,89.0,42.035699113967404,9,4
2019-09-14,72.57,60.0,42.0,123.0,102.0,75.0,42.532340636273474,9,5
2019-09-15,114.87,81.0,60.0,42.0,123.0,61.0,19.519221295943137,9,6
2019-09-16,8.25,8.0,81.0,60.0,42.0,49.666666666666664,37.58102358017053,9,0
2019-09-17,16.45,15.0,8.0,81.0,60.0,34.666666666666664,40.2781992315115,9,1
2019-09-18,18.47,17.0,15.0,8.0,81.0,13.333333333333334,4.725815626252654,9,2
2019-09-19,13.09,12.0,17.0,15.0,8.0,14.666666666666666,2.5166114784236653,9,3
2019-09-20,18.89,17.0,12.0,17.0,15.0,15.333333333333334,2.886751345948199,9,4
2019-09-21,56.05,52.0,17.0,12.0,17.0,27.0,21.794494717703373,9,5
2019-09-22,14.52,13.0,52.0,17.0,12.0,27.333333333333332,21.455380055672133,9,6
2019-09-23,11.13,10.0,13.0,52.0,17.0,25.0,23.43074902771997,9,0
2019-09-24,7.74,7.0,10.0,13.0,52.0,10.0,3.0000000000001217,9,1
2019-09-25,4.35,4.0,7.0,10.0,13.0,7.0,3.0000000000001377,9,2
2019-09-26,19.22,18.0,4.0,7.0,10.0,9.666666666666666,7.371114795832043,9,3
2019-09-27,31.02,29.0,18.0,4.0,7.0,17.0,12.529964086141687,9,4
2019-09-28,11.69,11.0,29.0,18.0,4.0,19.333333333333332,9.073771725877489,9,5
2019-09-29,44.67,41.0,11.0,29.0,18.0,27.0,15.099668870541505,9,6
2019-09-30,19.98,19.0,41.0,11.0,29.0,23.666666666666668,15.534906930308066,9,0
2019-10-01,73.13,60.0,19.0,41.0,11.0,40.0,20.51828452868319,10,1
2019-10-02,98.15,72.0,60.0,19.0,41.0,50.333333333333336,27.790885796126272,10,2
2019-10-03,19.08,18.0,72.0,60.0,19.0,50.0,28.354893757515644,10,3
2019-10-04,13.95,13.0,18.0,72.0,60.0,34.333333333333336,32.71594921950659,10,4
2019-10-05,16.77,16.0,13.0,18.0,72.0,15.666666666666666,2.5166114784238527,10,5
2019-10-06,16.68,15.0,16.0,13.0,18.0,14.666666666666666,1.527525231652407,10,6
2019-10-07,32.11,30.0,15.0,16.0,13.0,20.333333333333332,8.38649708360615,10,0
2019-10-08,35.84,34.0,30.0,15.0,16.0,26.333333333333332,10.016652800877853,10,1
2019-10-09,39.58,37.0,34.0,30.0,15.0,33.666666666666664,3.5118845842843056,10,2
2019-10-10,40.48,38.0,37.0,34.0,30.0,36.333333333333336,2.0816659994661975,10,3
2019-10-11,41.39,38.0,38.0,37.0,34.0,37.666666666666664,0.5773502691897968,10,4
2019-10-12,42.3,39.0,38.0,38.0,37.0,38.333333333333336,0.577350269189765,10,5
2019-10-13,48.1,45.0,39.0,38.0,38.0,40.666666666666664,3.785938897200186,10,6
2019-10-14,53.9,50.0,45.0,39.0,38.0,44.666666666666664,5.507570547286083,10,0
2019-10-15,82.06,64.0,50.0,45.0,39.0,53.0,9.84885780179607,10,1
2019-10-16,87.51,67.0,64.0,50.0,45.0,60.333333333333336,9.073771725877405,10,2
2019-11-07,12.82,12.0,67.0,64.0,50.0,47.666666666666664,30.924639582917262,11,3
2019-11-08,37.48,34.0,12.0,67.0,64.0,37.666666666666664,27.682726262659422,11,4
2019-11-09,62.15,55.0,34.0,12.0,67.0,33.666666666666664,21.5019378971602,11,5
2019-11-10,75.51,62.0,55.0,34.0,12.0,50.333333333333336,14.57166199626292,11,6
2019-11-11,88.86,68.0,62.0,55.0,34.0,61.666666666666664,6.506407098647646,11,0
2019-11-12,102.22,75.0,68.0,62.0,55.0,68.33333333333333,6.506407098647615,11,1
2019-11-13,33.75,31.0,75.0,68.0,62.0,58.0,23.643180835073764,11,2
2020-12-05,48.29,45.0,31.0,75.0,68.0,50.333333333333336,22.47962040011648,12,5
2021-11-24,5.66,5.0,45.0,31.0,75.0,27.0,20.297783130184467,11,2
2021-12-23,6.94,6.0,5.0,45.0,31.0,18.666666666666668,22.810816147900866,12,3
2021-12-24,11.48,11.0,6.0,5.0,45.0,7.333333333333333,3.214550253664688,12,4
2021-12-25,4.9,5.0,11.0,6.0,5.0,7.333333333333333,3.214550253664688,12,5
2021-12-26,4.51,4.0,5.0,11.0,6.0,6.666666666666667,3.785938897200502,12,6
2021-12-27,8.26,8.0,4.0,5.0,11.0,5.666666666666667,2.081665999466731,12,0
2021-12-28,12.82,12.0,8.0,4.0,5.0,8.0,4.000000000000291,12,1
2021-12-29,4.67,4.0,12.0,8.0,4.0,8.0,4.000000000000291,12,2
2021-12-30,5.54,5.0,4.0,12.0,8.0,7.0,4.358898943540949,12,3
2021-12-31,7.48,7.0,5.0,4.0,12.0,5.333333333333333,1.5275252316527714,12,4
2022-01-01,7.3,7.0,7.0,5.0,4.0,6.333333333333333,1.154700538380312,1,5
2022-01-02,3.72,3.0,7.0,7.0,5.0,5.666666666666667,2.3094010767590434,1,6
2022-01-03,5.71,5.0,3.0,7.0,7.0,5.0,2.0000000000006355,1,0
2022-01-04,5.79,5.0,5.0,3.0,7.0,4.333333333333333,1.1547005383803735,1,1
2022-01-05,6.94,6.0,5.0,5.0,3.0,5.333333333333333,0.5773502691918079,1,2
2022-01-06,7.11,7.0,6.0,5.0,5.0,6.0,1.000000000001236,1,3
2022-01-07,7.44,7.0,7.0,6.0,5.0,6.666666666666667,0.5773502691917254,1,4
2022-01-08,7.87,7.0,7.0,7.0,6.0,7.0,1.5495058286609844e-06,1,5
2022-01-09,5.8,5.0,7.0,7.0,7.0,6.333333333333333,1.1547005383803117,1,6
2022-01-10,8.65,8.0,5.0,7.0,7.0,6.666666666666667,1.5275252316527403,1,0
2022-01-11,7.98,7.0,8.0,5.0,7.0,6.666666666666667,1.5275252316527403,1,1
2022-01-12,7.51,7.0,7.0,8.0,5.0,7.333333333333333,0.5773502691916852,1,2
2022-01-13,7.05,7.0,7.0,7.0,8.0,7.0,1.5497207641601565e-06,1,3
2022-01-14,3.0,3.0,7.0,7.0,7.0,5.666666666666667,2.3094010767590434,1,4
2022-01-15,4.94,5.0,3.0,7.0,7.0,5.0,2.0000000000006355,1,5
2022-01-16,4.33,4.0,5.0,3.0,7.0,4.0,1.0000000000013072,1,6
2022-01-17,4.61,4.0,4.0,5.0,3.0,4.333333333333333,0.5773502691918692,1,0
2022-01-18,7.98,7.0,4.0,4.0,5.0,5.0,1.7320508075696113,1,1
2022-01-19,6.77,6.0,7.0,4.0,4.0,5.666666666666667,1.5275252316527634,1,2
2022-01-20,9.69,9.0,6.0,7.0,4.0,7.333333333333333,1.5275252316527248,1,3
2022-01-21,7.18,7.0,9.0,6.0,7.0,7.333333333333333,1.5275252316527248,1,4
2022-01-22,7.16,7.0,7.0,9.0,6.0,7.666666666666667,1.1547005383802706,1,5
2022-01-23,7.9,7.0,7.0,7.0,9.0,7.0,1.5493625217632295e-06,1,6
2022-01-24,5.08,5.0,7.0,7.0,7.0,6.333333333333333,1.1547005383803115,1,0
2022-01-25,6.54,6.0,5.0,7.0,7.0,6.0,1.0000000000012357,1,1
2022-01-26,5.88,5.0,6.0,5.0,7.0,5.333333333333333,0.5773502691918074,1,2
2022-01-27,7.41,7.0,5.0,6.0,5.0,6.0,1.0000000000012357,1,3
2022-01-28,6.7,6.0,7.0,5.0,6.0,6.0,1.0000000000012357,1,4
2022-01-29,7.58,7.0,6.0,7.0,5.0,6.666666666666667,0.577350269191725,1,5
2022-01-30,8.1,8.0,7.0,6.0,7.0,7.0,1.0000000000012,1,6
2022-01-31,7.11,7.0,8.0,7.0,6.0,7.333333333333333,0.5773502691916836,1,0
2022-02-01,7.47,7.0,7.0,8.0,7.0,7.333333333333333,0.5773502691916836,2,1
2022-02-02,6.92,6.0,7.0,7.0,8.0,6.666666666666667,0.5773502691917245,2,2
2022-02-03,6.36,6.0,6.0,7.0,7.0,6.333333333333333,0.5773502691917449,2,3
2022-02-04,5.8,5.0,6.0,6.0,7.0,5.666666666666667,0.5773502691917858,2,4
2022-02-05,5.25,5.0,5.0,6.0,6.0,5.333333333333333,0.5773502691918063,2,5
2022-02-06,4.69,4.0,5.0,5.0,6.0,4.666666666666667,0.5773502691918472,2,6
2022-02-07,4.13,4.0,4.0,5.0,5.0,4.333333333333333,0.5773502691918676,2,0
2022-02-08,3.58,3.0,4.0,4.0,5.0,3.6666666666666665,0.5773502691919087,2,1
2022-02-09,3.02,3.0,3.0,4.0,4.0,3.3333333333333335,0.5773502691919292,2,2
2022-02-10,2.46,2.0,3.0,3.0,4.0,2.6666666666666665,0.5773502691919703,2,3
2022-02-11,1.91,2.0,2.0,3.0,3.0,2.3333333333333335,0.577350269191991,2,4
2022-02-12,1.35,1.0,2.0,2.0,3.0,1.6666666666666667,0.5773502691920318,2,5
2022-02-13,0.79,1.0,1.0,2.0,2.0,1.3333333333333333,0.5773502691920523,2,6
2022-02-14,0.24,0.0,1.0,1.0,2.0,0.6666666666666666,0.5773502691920933,2,0
2022-03-01,4.58,4.0,0.0,1.0,1.0,1.6666666666666667,2.0816659994668,3,1
2022-03-02,3.79,4.0,4.0,0.0,1.0,2.6666666666666665,2.3094010767590896,3,2
2022-03-03,8.59,8.0,4.0,4.0,0.0,5.333333333333333,2.3094010767590487,3,3
2022-03-04,8.38,8.0,8.0,4.0,4.0,6.666666666666667,2.3094010767590283,3,4
2022-03-05,9.1,8.0,8.0,8.0,4.0,8.0,1.526914651089847e-06,3,5
2022-03-06,4.85,4.0,8.0,8.0,8.0,6.666666666666667,2.3094010767590283,3,6
2022-03-07,4.58,4.0,4.0,8.0,8.0,5.333333333333333,2.3094010767590487,3,0
2022-03-08,4.32,4.0,4.0,4.0,8.0,4.0,1.617033477574651e-06,3,1
2022-03-09,3.62,3.0,4.0,4.0,4.0,3.6666666666666665,0.5773502691919108,3,2
2022-03-10,6.29,6.0,3.0,4.0,4.0,4.333333333333333,1.5275252316527947,3,3
2022-03-11,8.31,8.0,6.0,3.0,4.0,5.666666666666667,2.516611478424079,3,4
2022-03-12,7.71,7.0,8.0,6.0,3.0,7.0,1.0000000000012017,3,5
2022-03-13,8.2,8.0,7.0,8.0,6.0,7.666666666666667,0.577350269191666,3,6
2022-03-14,5.95,6.0,8.0,7.0,8.0,7.0,1.0000000000012017,3,0
2022-03-15,7.34,7.0,6.0,8.0,7.0,7.0,1.0000000000012017,3,1
2022-03-16,7.57,7.0,7.0,6.0,8.0,6.666666666666667,0.5773502691917279,3,2
2022-03-17,9.02,8.0,7.0,7.0,6.0,7.333333333333333,0.5773502691916871,3,3
2022-03-18,9.63,9.0,8.0,7.0,7.0,8.0,1.0000000000011666,3,4
2022-03-19,12.96,12.0,9.0,8.0,7.0,9.666666666666666,2.0816659994666646,3,5
2022-03-20,7.29,7.0,12.0,9.0,8.0,9.333333333333334,2.5166114784240277,3,6
2022-03-21,4.63,4.0,7.0,12.0,9.0,7.666666666666667,4.041451884327672,3,0
2022-03-22,8.81,8.0,4.0,7.0,12.0,6.333333333333333,2.0816659994667206,3,1
2022-03-23,8.05,7.0,8.0,4.0,7.0,6.333333333333333,2.0816659994667206,3,2
2022-03-24,6.52,6.0,7.0,8.0,4.0,7.0,1.0000000000011995,3,3
2022-03-25,6.23,6.0,6.0,7.0,8.0,6.333333333333333,0.5773502691917447,3,4
2022-03-26,10.08,9.0,6.0,6.0,7.0,7.0,1.7320508075695698,3,5
2022-03-27,8.3,8.0,9.0,6.0,6.0,7.666666666666667,1.5275252316527164,3,6
2022-03-28,6.12,6.0,8.0,9.0,6.0,7.666666666666667,1.5275252316527164,3,0
2022-03-29,8.21,8.0,6.0,8.0,9.0,7.333333333333333,1.15470053838028,3,1
2022-03-30,5.08,5.0,8.0,6.0,8.0,6.333333333333333,1.5275252316527475,3,2
2022-03-31,7.0,6.0,5.0,8.0,6.0,6.333333333333333,1.5275252316527475,3,3
2022-04-27,73.28,60.0,6.0,5.0,8.0,23.666666666666668,31.469562013687682,4,2
2022-04-28,74.48,61.0,60.0,6.0,5.0,42.333333333333336,31.46956201368766,4,3
2022-04-29,42.48,39.0,61.0,60.0,6.0,53.333333333333336,12.42309676905612,4,4
2022-06-09,78.9,63.0,39.0,61.0,60.0,54.333333333333336,13.316656236958757,6,3
2022-06-13,63.59,55.0,63.0,39.0,61.0,52.333333333333336,12.220201853215547,6,0
2022-06-14,80.42,64.0,55.0,63.0,39.0,60.666666666666664,4.932882862316123,6,1
2022-06-15,66.08,56.0,64.0,55.0,63.0,58.333333333333336,4.932882862316142,6,2
2022-06-20,72.02,59.0,56.0,64.0,55.0,59.666666666666664,4.041451884327238,6,0
2022-06-21,52.67,50.0,59.0,56.0,64.0,55.0,4.582575694955756,6,1
2022-06-22,43.15,40.0,50.0,59.0,56.0,49.666666666666664,9.504384952922152,6,2
2022-07-08,36.77,34.0,40.0,50.0,59.0,41.333333333333336,8.082903768654784,7,4
2022-07-11,73.0,60.0,34.0,40.0,50.0,44.666666666666664,13.613718571108096,7,0
2022-07-12,40.0,37.0,60.0,34.0,40.0,43.666666666666664,14.224392195567921,7,1
2022-07-13,32.14,30.0,37.0,60.0,34.0,42.333333333333336,15.695009822658083,7,2
2022-07-14,24.29,22.0,30.0,37.0,60.0,29.666666666666668,7.505553499465235,7,3
2022-07-20,55.3,51.0,22.0,30.0,37.0,34.333333333333336,14.977761292440684,7,2
2022-07-26,58.05,53.0,51.0,22.0,30.0,42.0,17.349351572897486,7,1
2022-08-07,44.82,42.0,53.0,51.0,22.0,48.666666666666664,5.859465277082305,8,6
2022-08-13,50.36,46.0,42.0,53.0,51.0,47.0,5.567764362830023,8,5
2022-08-19,25.09,23.0,46.0,42.0,53.0,37.0,12.288205727444542,8,4
2022-08-25,38.1,35.0,23.0,46.0,42.0,34.666666666666664,11.503622617824977,8,3
2022-09-18,74.3,61.0,35.0,23.0,46.0,39.666666666666664,19.42506971244464,9,6
2022-09-24,44.13,41.0,61.0,35.0,23.0,45.666666666666664,13.6137185711081,9,5
2022-09-30,39.63,37.0,41.0,61.0,35.0,46.333333333333336,12.858201014657281,9,4
2022-10-18,40.0,37.0,37.0,41.0,61.0,38.333333333333336,2.3094010767587005,10,1
2022-10-24,20.0,19.0,37.0,37.0,41.0,31.0,10.392304845413264,10,0
2022-10-30,24.0,22.0,19.0,37.0,37.0,26.0,9.643650760992955,10,6
2022-11-10,45.0,42.0,22.0,19.0,37.0,27.666666666666668,12.503332889007368,11,3
2022-11-11,48.0,45.0,42.0,22.0,19.0,36.333333333333336,12.503332889007366,11,4
2022-11-12,51.0,48.0,45.0,42.0,22.0,45.0,2.999999999999986,11,5
2022-11-13,54.0,51.0,48.0,45.0,42.0,48.0,2.999999999999986,11,6
2022-11-19,41.0,38.0,51.0,48.0,45.0,45.666666666666664,6.806859285554038,11,5
2022-11-25,45.0,42.0,38.0,51.0,48.0,43.666666666666664,6.658328118479385,11,4
2022-12-09,61.73,54.0,42.0,38.0,51.0,44.666666666666664,8.326663997864525,12,4
2022-12-13,45.0,42.0,54.0,42.0,38.0,46.0,6.9282032302755026,12,1
2022-12-19,52.0,50.0,42.0,54.0,42.0,48.666666666666664,6.110100926607779,12,0
2023-01-02,25.08,23.0,50.0,42.0,54.0,38.333333333333336,13.868429375143144,1,0
2023-01-04,0.62,1.0,23.0,50.0,42.0,24.666666666666668,24.542480178933285,1,2
2023-01-16,50.0,46.0,1.0,23.0,50.0,23.333333333333332,22.501851775650227,1,0
2023-01-27,35.0,32.0,46.0,1.0,23.0,26.333333333333332,23.028967265887832,1,4
2023-02-03,54.88,51.0,32.0,46.0,1.0,43.0,9.84885780179612,2,4
2023-02-08,80.85,64.0,51.0,32.0,46.0,49.0,16.093476939431095,2,2
2023-02-18,25.08,23.0,64.0,51.0,32.0,46.0,20.95232683975697,2,5
2023-02-24,13.6,13.0,23.0,64.0,51.0,33.333333333333336,27.02468007827906,2,4
2023-03-06,38.0,35.0,13.0,23.0,64.0,23.666666666666668,11.015141094572188,3,0
2023-03-07,74.25,61.0,35.0,13.0,23.0,36.333333333333336,24.02776172125347,3,1
2023-03-14,42.78,40.0,61.0,35.0,13.0,45.333333333333336,13.796134724383267,3,1
2023-03-20,22.08,20.0,40.0,61.0,35.0,40.333333333333336,20.502032419575713,3,0
2023-03-26,33.84,31.0,20.0,40.0,61.0,30.333333333333332,10.016652800877807,3,6
2023-04-01,48.0,44.0,31.0,20.0,40.0,31.666666666666668,12.013880860626733,4,5
2023-04-05,19.0,18.0,44.0,31.0,20.0,31.0,12.999999999999998,4,2
2023-04-18,39.31,36.0,18.0,44.0,31.0,32.666666666666664,13.316656236958787,4,1
2023-04-22,29.45,27.0,36.0,18.0,44.0,27.0,8.999999999999986,4,5
2023-04-25,74.92,61.0,27.0,36.0,18.0,41.333333333333336,17.6162803489651,4,1
2023-05-11,48.17,45.0,61.0,27.0,36.0,44.333333333333336,17.009801096230785,5,3
2023-05-12,57.58,52.0,45.0,61.0,27.0,52.666666666666664,8.020806277010719,5,4
2023-05-16,27.81,26.0,52.0,45.0,61.0,41.0,13.45362404707373,5,1
2023-05-28,36.0,33.0,26.0,52.0,45.0,37.0,13.45362404707372,5,6
2023-06-10,107.8,78.0,33.0,26.0,52.0,45.666666666666664,28.21937868439584,6,5
2023-06-15,57.23,52.0,78.0,33.0,26.0,54.333333333333336,22.590558499809934,6,3
2023-06-21,76.04,61.0,52.0,78.0,33.0,63.666666666666664,13.203534880225655,6,2
2023-06-27,68.45,58.0,61.0,52.0,78.0,57.0,4.582575694956015,6,1
2023-07-02,62.91,55.0,58.0,61.0,52.0,58.0,3.000000000000282,7,6
2023-07-09,59.04,53.0,55.0,58.0,61.0,55.333333333333336,2.516611478423875,7,6
2023-07-15,43.94,41.0,53.0,55.0,58.0,49.666666666666664,7.57187779440043,7,5
2023-07-27,65.3,56.0,41.0,53.0,55.0,50.0,7.937253933193834,7,3
2023-08-03,35.77,33.0,56.0,41.0,53.0,43.333333333333336,11.676186592091348,8,3
2023-08-08,66.75,57.0,33.0,56.0,41.0,48.666666666666664,13.576941236277568,8,1
2023-08-14,56.87,52.0,57.0,33.0,56.0,47.333333333333336,12.662279942148416,8,0
2023-08-19,49.17,46.0,52.0,57.0,33.0,51.666666666666664,5.507570547286203,8,5
2023-08-31,94.97,71.0,46.0,52.0,57.0,56.333333333333336,13.05118130030132,8,3
2023-09-05,61.02,54.0,71.0,46.0,52.0,57.0,12.767145334803764,9,1
2023-09-06,90.12,68.0,54.0,71.0,46.0,64.33333333333333,9.073771725877586,9,2
2023-09-07,37.91,35.0,68.0,54.0,71.0,52.333333333333336,16.563010998406487,9,3
2023-09-13,62.65,55.0,35.0,68.0,54.0,52.666666666666664,16.623276853055607,9,2
2023-09-19,68.5,58.0,55.0,35.0,68.0,49.333333333333336,12.503332889007392,9,1
2023-09-30,78.67,63.0,58.0,55.0,35.0,58.666666666666664,4.041451884327552,9,5
2023-10-01,32.0,30.0,63.0,58.0,55.0,50.333333333333336,17.78576209593882,10,6
2023-10-18,113.51,80.0,30.0,63.0,58.0,57.666666666666664,25.42308662089115,10,2
2023-10-24,83.57,65.0,80.0,30.0,63.0,58.333333333333336,25.658007197234447,10,1
2023-10-30,64.55,56.0,65.0,80.0,30.0,67.0,12.12435565298223,10,0
2023-11-11,47.05,44.0,56.0,65.0,80.0,55.0,10.535653752852793,11,5
2023-11-12,113.64,81.0,44.0,56.0,65.0,60.333333333333336,18.87679351302373,11,6
2023-11-17,93.95,70.0,81.0,44.0,56.0,65.0,19.00000000000005,11,4
2023-11-23,76.83,62.0,70.0,81.0,44.0,71.0,9.539392014169586,11,3
2023-11-29,66.68,57.0,62.0,70.0,81.0,63.0,6.557438524302136,11,2
2023-12-04,23.47,22.0,57.0,62.0,70.0,47.0,21.794494717703376,12,0
2023-12-10,70.2,59.0,22.0,57.0,62.0,46.0,20.80865204668482,12,6
2023-12-17,115.66,82.0,59.0,22.0,57.0,54.333333333333336,30.270998221620218,12,6
2023-12-23,75.38,61.0,82.0,59.0,22.0,67.33333333333333,12.74100990241101,12,5
2023-12-29,84.47,66.0,61.0,82.0,59.0,69.66666666666667,10.969655114602995,12,4
2024-01-12,89.0,68.0,66.0,61.0,82.0,65.0,3.605551275464239,1,4
2024-01-24,23.0,21.0,68.0,66.0,61.0,51.666666666666664,26.576932353703533,1,2
2024-01-30,48.0,44.0,21.0,68.0,66.0,44.333333333333336,23.501772982763082,1,1
2024-02-05,66.0,56.0,44.0,21.0,68.0,40.333333333333336,17.785762095938768,2,0
2024-02-09,36.0,33.0,56.0,44.0,21.0,44.333333333333336,11.503622617824906,2,4
2024-02-10,21.0,19.0,33.0,56.0,44.0,36.0,18.681541692269366,2,5
2024-02-11,48.0,44.0,19.0,33.0,56.0,32.0,12.529964086141591,2,6
2024-02-17,78.0,62.0,44.0,19.0,33.0,41.666666666666664,21.594752448994,2,5
2024-02-23,61.0,54.0,62.0,44.0,19.0,53.333333333333336,9.018499505645813,2,4
2024-03-08,32.0,30.0,54.0,62.0,44.0,48.666666666666664,16.65332799572906,3,4
2024-03-18,103.0,75.0,30.0,54.0,62.0,53.0,22.516660498395414,3,0
2024-03-24,67.0,57.0,75.0,30.0,54.0,54.0,22.64950330581226,3,6
2024-04-06,89.0,68.0,57.0,75.0,30.0,66.66666666666667,9.073771725877569,4,5
2024-04-07,106.0,77.0,68.0,57.0,75.0,67.33333333333333,10.016652800877907,4,6
2024-04-17,103.0,75.0,77.0,68.0,57.0,73.33333333333333,4.725815626252875,4,2
2024-04-23,94.0,70.0,75.0,77.0,68.0,74.0,3.6055512754643444,4,1
2024-04-29,65.0,56.0,70.0,75.0,77.0,67.0,9.848857801796191,4,0
2024-05-04,47.0,44.0,56.0,70.0,75.0,56.666666666666664,13.012814197295437,5,5
2024-05-05,74.0,60.0,44.0,56.0,70.0,53.333333333333336,8.326663997864527,5,6
2024-05-23,87.0,67.0,60.0,44.0,56.0,57.0,11.789826122551615,5,3
2024-05-29,81.0,64.0,67.0,60.0,44.0,63.666666666666664,3.51188458428445,5,2
2024-06-01,74.0,60.0,64.0,67.0,60.0,63.666666666666664,3.51188458428445,6,5
2024-06-03,54.0,51.0,60.0,64.0,67.0,58.333333333333336,6.658328118479444,6,0
2024-06-12,35.0,32.0,51.0,60.0,64.0,47.666666666666664,14.294521094927683,6,2
2024-06-16,72.0,59.0,32.0,51.0,60.0,47.333333333333336,13.868429375143117,6,6
2024-06-22,77.0,62.0,59.0,32.0,51.0,51.0,16.522711641858297,6,5
2024-06-28,49.0,45.0,62.0,59.0,32.0,55.333333333333336,9.073771725877485,6,4
2024-07-11,37.0,34.0,45.0,62.0,59.0,47.0,14.106735979665855,7,3
2024-07-16,40.0,37.0,34.0,45.0,62.0,38.666666666666664,5.6862407030771465,7,1
2024-07-22,52.0,50.0,37.0,34.0,45.0,40.333333333333336,8.504900548115277,7,0
2024-07-28,61.0,54.0,50.0,37.0,34.0,47.0,8.888194417315542,7,6
2024-08-09,75.0,61.0,54.0,50.0,37.0,55.0,5.567764362830051,8,4
2024-08-10,37.0,34.0,61.0,54.0,50.0,49.666666666666664,14.011899704655786,8,5
2024-08-15,53.0,45.0,34.0,61.0,54.0,46.666666666666664,13.576941236277504,8,3
2024-08-21,60.0,53.0,45.0,34.0,61.0,44.0,9.539392014169396,8,2
2024-08-27,57.0,52.0,53.0,45.0,34.0,50.0,4.358898943540639,8,1
2024-09-08,74.0,60.0,52.0,53.0,45.0,55.0,4.358898943540724,9,6
2024-09-20,66.0,56.0,60.0,52.0,53.0,56.0,4.000000000000072,9,4
2024-09-26,57.0,52.0,56.0,60.0,52.0,56.0,4.000000000000072,9,3
2024-10-06,57.0,52.0,52.0,56.0,60.0,53.333333333333336,2.309401076758545,10,6
2024-10-07,48.0,44.0,52.0,52.0,56.0,49.333333333333336,4.618802153517007,10,0
2024-10-14,68.0,57.0,44.0,52.0,52.0,51.0,6.557438524302002,10,0
2024-10-20,56.0,51.0,57.0,44.0,52.0,50.666666666666664,6.506407098647713,10,6
2024-10-26,44.0,41.0,51.0,57.0,44.0,49.666666666666664,8.082903768654761,10,5
2024-11-04,88.0,67.0,41.0,51.0,57.0,53.0,13.114877048604,11,0
2024-11-05,53.0,50.0,67.0,41.0,51.0,52.666666666666664,13.203534880225572,11,1
2024-11-13,59.0,53.0,50.0,67.0,41.0,56.666666666666664,9.073771725877465,11,2
2024-11-19,59.0,53.0,53.0,50.0,67.0,52.0,1.7320508075688692,11,1
2024-11-25,33.0,31.0,53.0,53.0,50.0,45.666666666666664,12.701705922171765,11,0
2024-12-01,12.0,11.0,31.0,53.0,53.0,31.666666666666668,21.007935008784973,12,6
2024-12-03,68.0,57.0,11.0,31.0,53.0,33.0,23.06512518934159,12,1
2024-12-13,81.0,64.0,57.0,11.0,31.0,44.0,28.792360097775937,12,4
2024-12-19,52.0,50.0,64.0,57.0,11.0,57.0,6.999999999999992,12,3
2024-12-25,66.0,56.0,50.0,64.0,57.0,56.666666666666664,7.023769168568484,12,2
2025-01-06,66.12,56.0,56.0,50.0,64.0,54.0,3.464101615137736,1,0
2025-01-12,54.39,51.0,56.0,56.0,50.0,54.333333333333336,2.88675134594813,1,6
2025-01-18,50.67,49.0,51.0,56.0,56.0,52.0,3.6055512754639905,1,5
2025-01-24,54.39,51.0,49.0,51.0,56.0,50.333333333333336,1.1547005383792548,1,4
2025-02-05,66.66,57.0,51.0,49.0,51.0,52.333333333333336,4.163331998932266,2,2
2025-02-11,49.4,45.0,57.0,51.0,49.0,51.0,6.0,2,1
2025-02-17,83.94,65.0,45.0,57.0,51.0,55.666666666666664,10.066445913694334,2,0
2025-02-23,54.29,51.0,65.0,45.0,57.0,53.666666666666664,10.263202878893768,2,6
2025-03-07,62.88,55.0,51.0,65.0,45.0,57.0,7.211102550927979,3,4
2025-03-13,86.52,67.0,55.0,51.0,65.0,57.666666666666664,8.326663997864532,3,3
2025-03-19,50.93,49.0,67.0,55.0,51.0,57.0,9.165151389911681,3,2
2025-03-25,69.0,58.0,49.0,67.0,55.0,58.0,9.000000000000002,3,1
2025-03-31,44.35,41.0,58.0,49.0,67.0,49.333333333333336,8.504900548115385,3,0
2025-04-06,47.46,44.0,41.0,58.0,49.0,47.666666666666664,9.073771725877469,4,6
2025-04-12,70.97,59.0,44.0,41.0,58.0,48.0,9.643650760992955,4,5
2025-04-24,58.88,53.0,59.0,44.0,41.0,52.0,7.549834435270751,4,3
2025-04-30,53.24,50.0,53.0,59.0,44.0,54.0,4.582575694955842,4,2
2025-05-12,65.62,56.0,50.0,53.0,59.0,53.0,3.000000000000002,5,0
2025-05-18,33.25,31.0,56.0,50.0,53.0,45.666666666666664,13.051181300301261,5,6
2025-05-24,46.99,44.0,31.0,56.0,50.0,43.666666666666664,12.503332889007368,5,5
2025-05-30,54.48,51.0,44.0,31.0,56.0,42.0,10.148891565092217,5,4
2025-06-05,53.0,50.0,51.0,44.0,31.0,48.333333333333336,3.785938897200176,6,3
2025-06-16,19.52,19.0,50.0,51.0,44.0,40.0,18.19340539866025,6,0
2025-06-23,36.64,34.0,19.0,50.0,51.0,34.333333333333336,15.502687938977978,6,0
2025-06-29,28.77,27.0,34.0,19.0,50.0,26.666666666666668,7.505553499465135,6,6
2025-07-05,48.68,45.0,27.0,34.0,19.0,35.333333333333336,9.073771725877465,7,5
2025-07-11,38.94,36.0,45.0,27.0,34.0,36.0,8.999999999999998,7,4
2025-07-17,31.2,29.0,36.0,45.0,27.0,36.666666666666664,8.02080627701064,7,3
2025-07-23,54.16,51.0,29.0,36.0,45.0,38.666666666666664,11.239810200058242,7,2
2025-08-04,63.62,55.0,51.0,29.0,36.0,45.0,13.999999999999998,8,0
2025-08-10,41.2,38.0,55.0,51.0,29.0,48.0,8.888194417315585,8,6
2025-08-16,62.44,54.0,38.0,55.0,51.0,49.0,9.539392014169454,8,5
2025-08-22,44.29,41.0,54.0,38.0,55.0,44.333333333333336,8.50490054811538,8,4
2025-08-28,91.95,69.0,41.0,54.0,38.0,54.666666666666664,14.0118997046558,8,3
2025-09-03,101.4,74.0,69.0,41.0,54.0,61.333333333333336,17.785762095938797,9,2
2025-09-27,57.18,52.0,74.0,69.0,41.0,65.0,11.532562594670791,9,5
2025-10-03,81.52,64.0,52.0,74.0,69.0,63.333333333333336,11.015141094572199,10,4
2025-10-09,93.78,70.0,64.0,52.0,74.0,62.0,9.165151389911674,10,3
2025-10-15,60.14,53.0,70.0,64.0,52.0,62.333333333333336,8.621678104251703,10,2
2025-10-21,80.21,63.0,53.0,70.0,64.0,62.0,8.544003745317527,10,1
2025-10-27,83.65,65.0,63.0,53.0,70.0,60.333333333333336,6.42910050732863,10,0
2025-11-02,66.14,56.0,65.0,63.0,53.0,61.333333333333336,4.725815626252599,11,6
2025-11-08,83.81,65.0,56.0,65.0,63.0,62.0,5.196152422706624,11,5
2025-11-14,51.93,50.0,65.0,56.0,65.0,57.0,7.5498344352707445,11,4
2025-11-20,77.4,62.0,50.0,65.0,56.0,59.0,7.937253933193767,11,3
2025-12-02,70.16,58.0,62.0,50.0,65.0,56.666666666666664,6.11010092660778,12,1
2025-12-08,61.47,54.0,58.0,62.0,50.0,58.0,3.999999999999991,12,0
2025-12-14,89.82,68.0,54.0,58.0,62.0,60.0,7.211102550927974,12,6
2025-12-20,74.06,60.0,68.0,54.0,58.0,60.666666666666664,7.023769168568487,12,5
